{
	"info": {
		"_postman_id": "ec19b39c-3a68-4243-8ba3-72c4c76b8a14",
		"name": "pizzaApp",
		"schema": "https://schema.getpostman.com/json/collection/v2.1.0/collection.json"
	},
	"item": [
		{
			"name": "localhost:8081/users/register",
			"request": {
				"method": "POST",
				"header": [],
				"body": {
					"mode": "raw",
					"raw": "{\r\n            \"name\": \"Ajit\",\r\n            \"email\": \"royajit51@gmail.com\",\r\n            \"password\": \"qwerty1234\",\r\n            \"address\": \"Malviya Nagar, New Delhi\",\r\n            \"phone\": \"123456789\"\r\n}",
					"options": {
						"raw": {
							"language": "json"
						}
					}
				},
				"url": {
					"raw": "localhost:8081/users/register",
					"host": [
						"localhost"
					],
					"port": "8081",
					"path": [
						"users",
						"register"
					]
				}
			},
			"response": []
		},
		{
			"name": "localhost:8081/users/login",
			"request": {
				"method": "POST",
				"header": [],
				"body": {
					"mode": "raw",
					"raw": "{\r\n            \"email\": \"royajit51@gmail.com\",\r\n            \"password\": \"qwerty1234\"\r\n}",
					"options": {
						"raw": {
							"language": "json"
						}
					}
				},
				"url": {
					"raw": "localhost:8081/users/login",
					"host": [
						"localhost"
					],
					"port": "8081",
					"path": [
						"users",
						"login"
					]
				}
			},
			"response": []
		},
		{
			"name": "localhost:8081/users/create-order",
			"request": {
				"method": "POST",
				"header": [],
				"body": {
					"mode": "raw",
					"raw": "{\r\n            \"userId\": \"5f8826b2708de721681c81e7\",\r\n            \"items\": [\r\n                {\r\n                    \"menuItemId\" : \"5f86b3af68ad312f60266b08\",\r\n                    \"quantity\" : 2\r\n                },\r\n                {\r\n                    \"menuItemId\" : \"5f86b40a68ad312f60266b09\",\r\n                    \"quantity\" : 1\r\n                }\r\n            ],\r\n            \"totalAmount\": 1000\r\n}",
					"options": {
						"raw": {
							"language": "json"
						}
					}
				},
				"url": {
					"raw": "localhost:8081/operations/create-order",
					"host": [
						"localhost"
					],
					"port": "8081",
					"path": [
						"operations",
						"create-order"
					]
				}
			},
			"response": []
		},
		{
			"name": "Add to cart",
			"request": {
				"method": "POST",
				"header": [],
				"body": {
					"mode": "raw",
					"raw": "{\r\n            \"userId\": \"5f8826b2708de721681c81e7\",\r\n            \"itemId\" : \"5f86b3af68ad312f60266b08\"\r\n}",
					"options": {
						"raw": {
							"language": "json"
						}
					}
				},
				"url": {
					"raw": "localhost:8081/operations/add-to-cart",
					"host": [
						"localhost"
					],
					"port": "8081",
					"path": [
						"operations",
						"add-to-cart"
					]
				}
			},
			"response": []
		}
	],
	"protocolProfileBehavior": {}
}